product_id,competitor_id,repricer_id,sku,our_mpn,our_status,our_gtin,our_brand,our_category,brand_label,osb_url,90 days Sales,system_status,existing_competitor_url,existing_reason,approval_status,reviewed_by_user,sku_mismatch,existing_state,best_candidate_url,best_candidate_name,best_candidate_ref_sku,best_candidate_score,best_candidate_confidence,best_candidate_signal,best_candidate_name_similarity,best_candidate_remark,best_candidate_reasons,top_candidates,decision,decision_reason
265686,370,33804245,Monte-Dark-Grey/Walnut 5PC Dining Set,Monte-Dark-Grey/Walnut 5PC Dining Set,1,8.47E+11,Baxton Studio,Dining Sets,Baxton Studio,https://www.1stopbedrooms.com/monte-mid-century-modern-walnut-wood-round-5-piece-dining-set,,1,https://emmamason.com/baxton-studio-monte-5pc-dining-room-set-in-walnut.html?phash=519af0&vfsku=190707,Wrong Match,-,Yash Prajapati,-,CM_URL_NOT_IN_SCRAPE,,,,,,,,,,https://emmamason.com/baxton-studio-kimberly-5-piece-round-dining-set-in-brown-walnut-kimberly-brown-walnut-5pc-dining-set.html#NONE:140 | https://emmamason.com/baxton-studio-cody-upholstered-5-piece-dining-set-in-light-grey-walnut-brown-cody-light-grey-5pc-dining-set.html#NONE:140 | https://emmamason.com/baxton-studio-embrace-5-piece-dining-set-in-dark-grey-embrace-5pc-dining-set.html#NONE:120 | https://emmamason.com/lexington-furniture-avondale-bloomfield-5pc-round-dining-room-set-in-white.html#NONE:-120 | https://emmamason.com/lexington-furniture-avondale-lombard-5pc-round-dining-room-set-in-white.html#NONE:-120,CRAWL_MISS_PENDING,Existing URL not found in scrape and no safe replacement
276841,370,44279693,MOD-R-1003A-810,R-1003A-810,1,8.90E+11,Modway,Rugs,Modway,https://www.1stopbedrooms.com/marja-navy-and-ivory-moroccan-trellis-8-10-area-rug-r-1003a-810,,1,https://emmamason.com/modway-marja-moroccan-trellis-8x10-area-rug-in-ivory-and-charcoal-r-1003d-810.html?phash=d5ad63&vfsku=445716,Wrong Match,-,Yash Prajapati,-,CM_URL_NOT_IN_SCRAPE,,,,,,,,,,,CRAWL_MISS_PENDING,Existing URL not found in scrape and no safe replacement
276916,370,44288161,MOD-R-1091B-46,R-1091B-46,1,8.90E+11,Modway,Rugs,Modway,https://www.1stopbedrooms.com/minu-yellow-and-orange-distressed-floral-lattice-4-6-area-rug-r-1091b-46,,1,https://emmamason.com/modway-minu-distressed-floral-lattice-5x8-area-rug-in-dark-blue-yellow-and-orange-r-1091d-58.html?phash=54ba9d&vfsku=445848,Wrong Match,-,Yash Prajapati,-,CM_URL_NOT_IN_SCRAPE,,,,,,,,,,,CRAWL_MISS_PENDING,Existing URL not found in scrape and no safe replacement
460795,370,43836150,ACM-10039A,10039A,1,8.40E+11,ACME,Dining Chairs,ACME,https://www.1stopbedrooms.com/acme-chateau-de-ville-arm-chair-set-of-2-10039a,,1,https://emmamason.com/acme-chateau-de-ville-arm-chair-w-black-pu-set-of-2-10039-179298.html?phash=46c5a9&vfsku=179298,Wrong Match,-,Yash Prajapati,-,CM_URL_NOT_IN_SCRAPE,,,,,,,,,,,CRAWL_MISS_PENDING,Existing URL not found in scrape and no safe replacement
544377,370,38262331,ASL-B974-58,B974-58,1,24052852684,Signature Design by Ashley,Bed Frames & Headboards,Signature Design by Ashley,https://www.1stopbedrooms.com/cabalynn-light-brown-king-cal-king-panel-headboard-only,,1,"https://emmamason.com/burkhaus-4-piece-upholstered-panel-bedroom-set-in-brown-1.html?name=Cabalynn+King+Panel+Bed+with+Storage+in+Light+Brown+B974B8+with+Dresser,+Bedroom+Mirror+B974-36+FedEx/UPS,+Nightstand+B974-92&phash=a31ce9&selection=100025-230234-1&selection=100026-230236-1&selection=100027-230237-1&selection=100028-230238-1",Wrong Match,-,Yash Prajapati,-,CM_URL_NOT_IN_SCRAPE,,,,,,,,,,,CRAWL_MISS_PENDING,Existing URL not found in scrape and no safe replacement
667885,370,35869160,MAN-ET005-OR,ET005-OR,1,8.10E+11,Manhattan Comfort,End & Side Tables,Manhattan Comfort,https://www.1stopbedrooms.com/anderson-ceramic-faux-marble-tabletop-end-table-in-orange,,1,https://emmamason.com/manhattan-comfort-modern-anderson-coffee-table-and-end-table-2-0-upholstered-in-green-leatherette-with-ceramic-faux-tabletop-set-of-2-2-at01-gr.html?phash=8bfdab&vfsku=360505,Wrong Match,-,Yash Prajapati,-,CM_URL_NOT_IN_SCRAPE,https://emmamason.com/manhattan-comfort-modern-anderson-end-table-2-0-upholstered-in-orange-leatherette-with-ceramic-faux-marble-tabletop-et005-or.html,Manhattan Comfort Modern Anderson End Table 2.0 Upholstered in Orange Leatherette with Ceramic Faux Marble Tabletop ET005-OR,EM-MAN-ET005-OR,1030,HIGH,MPN_PARTIAL,47.4,,MPN partial match on MPN; MPN partial (prefix/suffix); Full name tokens in URL; Partial OSB URL tokens in URL; Brand exact; Name similarity 47.4% (medium),https://emmamason.com/manhattan-comfort-modern-anderson-end-table-2-0-upholstered-in-orange-leatherette-with-ceramic-faux-marble-tabletop-et005-or.html#MPN_PARTIAL:1030 | https://emmamason.com/manhattan-comfort-modern-ella-nightstand-with-1-full-extension-drawer-in-terracotta-ns005-or.html#NONE:120,MANUAL_REVIEW,CM marked wrong match; skip auto update
695660,370,38513863,GFU-MONACO-BS-GRY/WHT-N,MONACO-BS-GRY/WHT-N,1,8.87E+11,Global Furniture USA,Bar Stools & Counter Stools,Global Furniture USA,https://www.1stopbedrooms.com/monaco-bar-stool-in-gray-and-white,,1,https://emmamason.com/global-furniture-monaco-bar-stool-set-of-2-in-light-grey-monaco-03-bs-gry-wht.html?vfsku=259593,Wrong Match,-,Yash Prajapati,-,CM_URL_NOT_IN_SCRAPE,,,,,,,,,,,CRAWL_MISS_PENDING,Existing URL not found in scrape and no safe replacement
706043,370,36761925,JOF-2330-NOBU,2330-NOBU,1,8.40E+11,Jofran,End & Side Tables,Jofran,https://www.1stopbedrooms.com/nobu-beveled-angle-accent-end-c-table-in-walnut,,1,https://emmamason.com/jofran-soho-accent-table-in-oak-brown-2330-sohooak.html?phash=010bcf&vfsku=372597,Wrong Match,-,Yash Prajapati,-,CM_URL_NOT_IN_SCRAPE,,,,,,,,,,https://emmamason.com/jofran-nolan-marble-bunching-tables-in-chestnut-2330-nolanchs.html#NONE:120 | https://emmamason.com/jofran-nolan-marble-bunching-tables-in-natural-2330-nolannat.html#NONE:120,CRAWL_MISS_PENDING,Existing URL not found in scrape and no safe replacement
706045,370,36742482,JOF-2330-SOHOOAK,2330-SOHOOAK,1,8.40E+11,Jofran,End & Side Tables,Jofran,https://www.1stopbedrooms.com/nobu-beveled-angle-accent-end-c-table-in-oak-brown,,1,https://emmamason.com/jofran-stella-c-table-in-burnished-copper-1730-90bc.html?phash=aa7dae&vfsku=372321,Wrong Match,-,Yash Prajapati,-,CM_URL_NOT_IN_SCRAPE,,,,,,,,,,,CRAWL_MISS_PENDING,Existing URL not found in scrape and no safe replacement
771332,370,45566995,MCA-71155,71155,1,6.96E+11,Mercana,Decorative Accessories,Mercana,https://www.1stopbedrooms.com/odilia-large-geometric-pillar-candle-holder-in-antiqued-gold,,1,https://emmamason.com/mercana-odilia-large-smooth-matte-black-metal-geometric-pillar-candle-holder-71153.html?phash=7f53b9&vfsku=470746,Wrong Match,-,Yash Prajapati,-,CM_URL_NOT_IN_SCRAPE,,,,,,,,,,,CRAWL_MISS_PENDING,Existing URL not found in scrape and no safe replacement
779153,370,46713238,RJI-1C251908G49348,1C251908G49348,1,8.44E+11,Rajani Home,Rugs,Rajani Home,https://www.1stopbedrooms.com/pluvi-medallion-indoor-outdoor-accent-rug-in-gray-and-navy,,1,https://emmamason.com/coaster-kailani-california-king-wingback-bed-beige-oak-225041kw.html?phash=da7e2f&vfsku=366009,Wrong Match,-,Nisarg Bhatt,-,CM_URL_NOT_IN_SCRAPE,,,,,,,,,,https://emmamason.com/split-nickel-reed-mirror-v-reed-m-som1c2.html#NONE:-120,CRAWL_MISS_PENDING,Existing URL not found in scrape and no safe replacement
114123,370,41168729,CST-4241,4241,1,21032388614,Coaster,Dining Tables,Coaster,https://www.1stopbedrooms.com/damen-natural-white-natural-drop-leaf-table-with-empire-base,,1,https://emmamason.com/coaster-round-drop-leaf-dining-table-in-white-and-natural-finish-4241.html?phash=cdd1fb&vfsku=193606,Wrong Match,-,moe h,-,CM_URL_NOT_IN_SCRAPE,https://emmamason.com/york-f17-toile-resource-library-old-world-toile-wallpaper-at4241-double-roll.html,York F17-Toile Resource Library Old World Toile Blue &amp; White Wallpaper AT4241 (Double Roll),EM-YORK-AT4241,640,LOW,MPN_PARTIAL,4.3,,MPN partial match on MPN; MPN partial (prefix/suffix); Brand mismatch,https://emmamason.com/york-f17-toile-resource-library-old-world-toile-wallpaper-at4241-double-roll.html#MPN_PARTIAL:640 | https://emmamason.com/york-e24-candice-modern-nature-2nd-edition-leaf-concerto-wallpaper-os4241-double-roll.html#MPN_PARTIAL:640 | https://emmamason.com/crestview-collection-port-douglas-sideboard-in-painted-grey-cvfnr4241.html#MPN_PARTIAL:640 | https://emmamason.com/crestview-collection-port-douglas-sideboard-in-painted-grey-cvfnr4241.html#MPN_PARTIAL:640,CRAWL_MISS_PENDING,Existing URL not found in scrape and no safe replacement
214119,370,34815666,HOE-1603-1,1603-1*,1,7.82E+11,Homelegance,Beds,Homelegance,https://www.1stopbedrooms.com/royal-highlands-rich-cherry-queen-panel-bed,,1,"https://emmamason.com/homelegance-royal-highlands-4pc-upholstered-panel-bedroom-set-in-rich-cherry.html?name=Homelegance+Royal+Highlands+Queen+Upholstered+Panel+Bed+in+Rich+Cherry+with+3+Drawer+Nightstand,+9+Dresser+1603-5,+Mirror&phash=4fd30b&selection=106404-247961-1&selection=106405-247963-1&selection=106406-247964-1&selection=106407-247965-1",Wrong Match,-,Yash Prajapati,-,CM_URL_NOT_IN_SCRAPE,,,,,,,,,,,CRAWL_MISS_PENDING,Existing URL not found in scrape and no safe replacement
445593,370,25595061,FOA-CM-BK588BWH-BED,CM-BK588BWH-BED,1,1.93E+11,Furniture of America,Beds,Furniture of America,https://www.1stopbedrooms.com/california-twin-over-full-bunk-bed-with-2-drawers-in-white,,1,https://emmamason.com/furniture-of-america-california-iii-twin-full-bunk-bed-in-white-cm-bk588wh.html?com_cvv=d30042528f072ba8a22b19c81250437cd47a2f30330f0ed03551c4efdaf3409e&vfsku=11346,Wrong Match,-,Rohan Patel,-,CM_URL_NOT_IN_SCRAPE,,,,,,,,,,,CRAWL_MISS_PENDING,Existing URL not found in scrape and no safe replacement
591162,370,26431315,CST-551324-SETA,551324-SETA,1,21032514617,Coaster,Sectionals,Coaster,https://www.1stopbedrooms.com/serene-4-piece-upholstered-modular-sectional-in-charcoal,,1,https://emmamason.com/coaster-serene-4-piece-upholstered-modular-sectional-charcoal-in-charcoal-551324-setb.html?com_cvv=d30042528f072ba8a22b19c81250437cd47a2f30330f0ed03551c4efdaf3409e&vfsku=267856,Wrong Match,-,Rohan Patel,-,CM_URL_NOT_IN_SCRAPE,https://emmamason.com/coaster-furniture-serene-6pc-sectional-in-gray.html,Coaster Furniture Serene 6pc Sectional in Gray,EM-551324-SET,880,HIGH,MPN_PARTIAL,16.7,,MPN partial match on PART; MPN partial (prefix/suffix); Brand exact,https://emmamason.com/coaster-furniture-serene-6pc-sectional-in-gray.html#MPN_PARTIAL:880,MANUAL_REVIEW,CM marked wrong match; skip auto update
621863,370,35849158,BHF-K1652,K1652,1,6.63E+11,Bernhardt,Beds,Bernhardt,https://www.1stopbedrooms.com/foundations-upholtered-button-tufted-california-king-panel-bed,,1,"https://emmamason.com/bernhardt-foundations-4-piece-panel-bedroom-set-in-linen-162507-162511.html?name=Bernhardt+Foundations+Cal+King+Panel+Bed+in+Light+Shale+with+Nightstand+306-217,+9-Drawer+Dresser+Linen+306-053,+Mirror+306-331&phash=fe9f9a&selection=96326-219424-1&selection=96327-219425-1&selection=96328-219426-1&selection=96329-219427-1",Wrong Match,-,Yash Prajapati,-,CM_URL_NOT_IN_SCRAPE,,,,,,,,,,,CRAWL_MISS_PENDING,Existing URL not found in scrape and no safe replacement
622737,370,36429635,BHF-K1582,K1582,1,6.63E+11,Bernhardt,Beds,Bernhardt,https://www.1stopbedrooms.com/silhouette-upholstered-king-panel-bed,,1,https://emmamason.com/bernhardt-silhouette-4-piece-panel-queen-bedroom-set-in-eggshell-1.html?name=Bernhardt+Silhouette+King+Panel+Bed+PROMO+with+3+Drawer+Nightstand+in+Eggshell&phash=132a40&selection=95982-218467-1&selection=95983-218456-1,Wrong Match,-,Yash Prajapati,-,CM_URL_NOT_IN_SCRAPE,,,,,,,,,,https://emmamason.com/modus-brighton-9-drawer-dresser-in-cinnamon-finish-br1582.html#NONE:-120 | https://emmamason.com/york-b65-magnolia-home-vol-1-dots-on-dots-wallpaper-mh1582-double-roll.html#NONE:-120,CRAWL_MISS_PENDING,Existing URL not found in scrape and no safe replacement
622752,370,31063791,BHF-K1119,K1119,1,6.63E+11,Bernhardt,Beds,Bernhardt,https://www.1stopbedrooms.com/santa-barbara-upholstered-king-panel-bed,,1,https://emmamason.com/bernhardt-santa-barbara-4pc-upholstered-tufted-bedroom-set-in-sandstone.html?name=Bernhardt+Santa+Barbara+King+Upholstered+Tufted+Panel+Bed+in+Sandstone+with+Nightstand&phash=f97c8e&selection=86937-194855-1&selection=87046-194857-1,Wrong Match,-,Yash Prajapati,-,CM_URL_NOT_IN_SCRAPE,https://emmamason.com/york-c59-magnolia-home-artful-prints-patterns-thread-stripe-wallpaper-mk1119-double-roll.html,York C59-Magnolia Home Artful Prints &amp; Patterns Thread Stripe Navy Wallpaper MK1119 (Double Roll),EM-YORK-MK1119,640,LOW,MPN_PARTIAL,0,,MPN partial match on MPN; MPN partial (prefix/suffix); Brand mismatch,https://emmamason.com/york-c59-magnolia-home-artful-prints-patterns-thread-stripe-wallpaper-mk1119-double-roll.html#MPN_PARTIAL:640 | https://emmamason.com/crestview-collection-berwick-table-lamp-in-natural-cvaer1119-2pcs.html#NONE:-120 | https://emmamason.com/emma-mason-signature-harley-filler-in-natural-and-brown.html#NONE:-120 | https://emmamason.com/cal-lighting-kampia-led-pendant-up-1119.html#NONE:-120,CRAWL_MISS_PENDING,Existing URL not found in scrape and no safe replacement
631193,370,42624865,KIN-315-313P,315-313P,1,6.63E+11,Kincaid,Beds,Kincaid,https://www.1stopbedrooms.com/monogram-pinehurst-queen-upholstered-bed-in-walnut-315-313p,,1,https://emmamason.com/kincaid-monogram-walnut-ashburn-2pc-slat-bedroom-set-1.html?name=Kincaid+Monogram+Walnut+Pinehurst+Queen+Upholstered+Bed+with+Highland+Open+Nightstand&phash=e50ce6&selection=99523-228551-1&selection=99524-228536-1,Wrong Match,-,Yash Prajapati,-,CM_URL_NOT_IN_SCRAPE,,,,,,,,,,,CRAWL_MISS_PENDING,Existing URL not found in scrape and no safe replacement
205950,370,34280343,ASL-B221-54S-57-60-95-B100-13,B221B13,1,24052420487,Signature Design by Ashley,Beds,Signature Design by Ashley,https://www.1stopbedrooms.com/baystorm-gray-queen-storage-panel-bed,1,1,https://emmamason.com/baystorm-4-piece-panel-storage-bedroom-set-in-gray-1.html?name=Baystorm+Queen+Panel+w%2F+Storage+on+Both+Sides+and+Footboard+in+Gray+with+6+Drawer+Dresser%2C+Bedroom+Mirror%2C+1+Nightstand+B221-91+FedEx%2FUPS&selection=99669-228956-1&selection=99670-228949-1&selection=99671-228950-1&selection=99672-228951-1,Wrong Match,-,moe h,-,CM_URL_NOT_IN_SCRAPE,,,,,,,,,,,CRAWL_MISS_PENDING,Existing URL not found in scrape and no safe replacement
